<?xml version="1.0"?>

<!--
 Copyright (C) 2016 - present Juergen Zimmermann, Hochschule Karlsruhe

 This program is free software: you can redistribute it and/or modify
 it under the terms of the GNU General Public License as published by
 the Free Software Foundation, either version 3 of the License, or
 (at your option) any later version.

 This program is distributed in the hope that it will be useful,
 but WITHOUT ANY WARRANTY; without even the implied warranty of
 MERCHANTABILITY or FITNESS FOR A PARTICULAR PURPOSE.  See the
 GNU General Public License for more details.

 You should have received a copy of the GNU General Public License
 along with this program.  If not, see <http://www.gnu.org/licenses/>.
-->

<suppressions
        xmlns="https://jeremylong.github.io/DependencyCheck/dependency-suppression.1.2.xsd"
        xmlns:xsi="http://www.w3.org/2001/XMLSchema-instance"
        xsi:schemaLocation="https://jeremylong.github.io/DependencyCheck/dependency-suppression.1.2.xsd ">
    <!-- Spring Cloud Consul -->
    <suppress>
        <notes><![CDATA[file name: netflix-commons-util-0.3.0.jar]]></notes>
        <gav regex="true">^com\.netflix\.netflix-commons:netflix-commons-util:.*$</gav>
        <cve>CVE-2017-2616</cve>
    </suppress>
    <suppress>
        <notes><![CDATA[file name: guava-19.0.jar]]></notes>
        <gav regex="true">^com\.google\.guava:guava:.*$</gav>
        <cve>CVE-2018-10237</cve>
    </suppress>

    <!-- Spring Cloud Stream -->
    <suppress>
        <notes>file name: spring-retry-1.2.4.RELEASE.jar</notes>
        <gav regex="true">^org\.springframework\.retry:spring-retry:.*$</gav>
        <cpe>cpe:/a:springsource:spring_framework</cpe>
    </suppress>
    <suppress>
        <notes><![CDATA[file name: spring-integration-kafka-3.2.0.M3.jar]]></notes>
        <gav regex="true">^org\.springframework\.integration:spring-integration-kafka:.*$</gav>
        <cve>CVE-2019-3772</cve>
    </suppress>
</suppressions>
